{"cameraMode":{"drawMode":0,"name":"Shaded","section":"Shading Mode"},"sceneLighting":true,"audioPlay":false,"sceneViewState":{"m_AlwaysRefresh":true,"showFog":true,"showSkybox":true,"showFlares":true,"showImageEffects":true,"showParticleSystems":true,"showVisualEffectGraphs":true,"m_FxEnabled":true},"in2DMode":false,"pivot":{"x":-8.597702026367188,"y":5.196722507476807,"z":10.820099830627442},"rotation":{"x":0.008237045258283615,"y":-0.9783273339271545,"z":0.20269641280174256,"w":0.03848513588309288},"size":1.5949363708496094,"orthographic":false}