{"cameraMode":{"drawMode":0,"name":"Shaded","section":"Shading Mode"},"sceneLighting":true,"audioPlay":false,"sceneViewState":{"m_AlwaysRefresh":true,"showFog":true,"showSkybox":true,"showFlares":true,"showImageEffects":true,"showParticleSystems":true,"showVisualEffectGraphs":true,"m_FxEnabled":true},"in2DMode":false,"pivot":{"x":-10.881731033325196,"y":7.593408584594727,"z":75.35511016845703},"rotation":{"x":-0.025640487670898439,"y":-0.9608254432678223,"z":0.0957622304558754,"w":-0.25845229625701907},"size":0.8660253882408142,"orthographic":false}