{"cameraMode":{"drawMode":0,"name":"Shaded","section":"Shading Mode"},"sceneLighting":true,"audioPlay":false,"sceneViewState":{"m_AlwaysRefresh":true,"showFog":true,"showSkybox":true,"showFlares":true,"showImageEffects":true,"showParticleSystems":true,"showVisualEffectGraphs":true,"m_FxEnabled":true},"in2DMode":false,"pivot":{"x":7.850648403167725,"y":5.249500751495361,"z":-22.115140914916993},"rotation":{"x":0.07026438415050507,"y":-0.11762923002243042,"z":0.008332733064889908,"w":0.9906288385391235},"size":1.1724350452423096,"orthographic":false}