{"health":90,"ammo":10,"pickups":8,"timer":139.40206909179688,"position":{"x":7.647601127624512,"y":0.589999794960022,"z":171.95535278320313},"lastLevel":"Level1"}